<?xml version="1.0" encoding="UTF-8"?>
<config xmlns="http://www.knime.org/2008/09/XMLConfig" xmlns:xsi="http://www.w3.org/2001/XMLSchema-instance" xsi:schemaLocation="http://www.knime.org/2008/09/XMLConfig http://www.knime.org/XMLConfig_2008_09.xsd" key="MiningSchema">
<config key="learning">
<entry key="array-size" type="xint" value="16"/>
<entry key="0" type="xstring" value="x-box"/>
<entry key="1" type="xstring" value="y-box"/>
<entry key="2" type="xstring" value="width"/>
<entry key="3" type="xstring" value="high"/>
<entry key="4" type="xstring" value="onpix"/>
<entry key="5" type="xstring" value="x-bar"/>
<entry key="6" type="xstring" value="y-bar"/>
<entry key="7" type="xstring" value="x2bar"/>
<entry key="8" type="xstring" value="y2bar"/>
<entry key="9" type="xstring" value="xybar"/>
<entry key="10" type="xstring" value="x2ybr"/>
<entry key="11" type="xstring" value="xy2br"/>
<entry key="12" type="xstring" value="x-ege"/>
<entry key="13" type="xstring" value="xegvy"/>
<entry key="14" type="xstring" value="y-ege"/>
<entry key="15" type="xstring" value="yegvx"/>
</config>
<config key="target">
<entry key="array-size" type="xint" value="1"/>
<entry key="0" type="xstring" value="lettr"/>
</config>
</config>
